id,label,title,body
1,Tech,"Python vs Java","Python is great for data science.
Java is robust for enterprise apps.
Both are popular.
"
2,Lifestyle,"Healthy Eating","Eating fruits and vegetables improves health.
Avoid processed foods.
Balance is key.
"
3,Science,"Space Exploration","Mars missions have advanced.
NASA plans crewed flights.
Technology evolves rapidly.
"
4,Tech,"AI Trends","Artificial Intelligence is transforming industries.
Machine learning models are becoming more accurate.
Ethics in AI remains a concern.
"
5,Lifestyle,"Travel Tips","Plan ahead for budget travel.
Pack light and stay flexible.
Explore local culture.
"
6,Science,"Climate Change","Global warming affects ecosystems.
Renewable energy sources are growing.
Policy changes can mitigate impacts.
"
7,Tech,"Cybersecurity","Protect data with encryption.
Use multi-factor authentication.
Stay updated on security patches.
"
8,Lifestyle,"Mindfulness","Meditation reduces stress.
Practice gratitude daily.
Mindful breathing improves focus.
"
9,Science,"Genetics","CRISPR enables gene editing.
Personalized medicine is emerging.
Ethical considerations arise.
"
10,Tech,"Cloud Computing","Deploy applications on cloud platforms.
Scalable infrastructure reduces costs.
Hybrid models combine on-premises and cloud.
"
11,Lifestyle,"Fitness","Regular exercise boosts health.
Incorporate cardio and strength training.
Consistency matters more than intensity.
"
12,Science,"Quantum Computing","Qubits represent quantum states.
Error correction is vital for scalability.
Potential to solve complex problems.
"
13,Tech,"Blockchain","Decentralized ledgers increase transparency.
Smart contracts automate agreements.
Adoption in finance and supply chain.
"
14,Lifestyle,"Gardening","Grow herbs indoors year-round.
Use compost for nutrients.
Enjoy fresh produce at home.
"
15,Science,"Nanotechnology","Nano-scale materials have unique properties.
Applications in medicine and electronics.
Safety regulations are evolving.
"
16,Tech,"Software Development","Agile methodologies improve delivery.
Version control is essential.
Code reviews enhance quality.
"
17,Lifestyle,"Cooking","Try new recipes weekly.
Use seasonal ingredients.
Balance flavors with herbs.
"
18,Science,"Artificial Photosynthesis","Solar energy can produce fuels.
Mimicking natural photosynthesis.
Research focuses on efficiency.
"
19,Tech,"Data Privacy","Encrypt sensitive data at rest.
Implement access controls.
Regular audits detect breaches.
"
20,Lifestyle,"Home Organization","Declutter regularly.
Use storage solutions effectively.
Create a cleaning schedule.
"
21,Science,"Marine Biology","Coral reefs support biodiversity.
Pollution threatens marine life.
Conservation efforts protect habitats.
"
22,Tech,"Virtual Reality","VR creates immersive experiences.
Gaming and training are key use cases.
Hardware improvements enhance realism.
"
23,Lifestyle,"Reading Habits","Set reading goals each month.
Explore different genres.
Join book clubs for discussion.
"
24,Science,"Astronomy","Black holes warp space-time.
Telescopes capture distant galaxies.
Observatories provide data.
"
25,Tech,"Robotics","Autonomous robots perform tasks.
Sensors enable navigation.
Applications in manufacturing and healthcare.
"
26,Lifestyle,"Pet Care","Provide balanced diet for pets.
Regular veterinary check-ups.
Exercise keeps pets healthy.
"
27,Science,"Epidemiology","Track disease outbreaks.
Vaccination reduces spread.
Data analysis informs policy.
"
28,Tech,"Augmented Reality","AR overlays digital info.
Retail uses AR for product demos.
Education benefits from interactive tools.
"
29,Lifestyle,"Budgeting","Track income and expenses.
Set savings goals.
Use budgeting apps for tracking.
"
30,Science,"Renewable Energy","Solar panels convert sunlight.
Wind turbines generate electricity.
Energy storage is crucial.
"
31,Tech,"Internet of Things","Connected devices share data.
Smart homes improve convenience.
Security remains a concern.
"
32,Lifestyle,"Time Management","Prioritize tasks daily.
Use calendars for scheduling.
Avoid multitasking for focus.
"
33,Science,"Bioinformatics","Analyze genetic sequences.
Machine learning aids annotation.
Data integration is challenging.
"
34,Tech,"Edge Computing","Process data near source.
Reduce latency and bandwidth.
Supports IoT applications.
"
35,Lifestyle,"Photography","Use natural light for portraits.
Experiment with angles.
Edit photos to enhance mood.
"
36,Science,"Robotic Surgery","Precision instruments improve outcomes.
Minimize invasiveness.
Training surgeons is essential.
"
37,Tech,"Cyber Threats","Phishing attacks target credentials.
Zero-day exploits remain dangerous.
Regular updates mitigate risk.
"
38,Lifestyle,"Language Learning","Practice daily with native speakers.
Use spaced repetition for vocabulary.
Immerse in media for context.
"
39,Science,"Astrobiology","Search for life beyond Earth.
Study extremophiles on Earth.
Exoplanet atmospheres reveal clues.
"
40,Tech,"5G Networks","High-speed connectivity enables new services.
Low latency supports real-time apps.
Infrastructure upgrades required.
"
41,Lifestyle,"Meditation Apps","Track progress with guided sessions.
Integrate breathing exercises.
Set reminders for consistency.
"
42,Science,"Synthetic Biology","Design biological systems.
Engineering cells for production.
Ethical guidelines are developing.
"
43,Tech,"DevOps","Automate deployment pipelines.
Monitor application performance.
Collaboration between dev and ops teams.
"
44,Lifestyle,"Minimalism","Simplify possessions.
Focus on experiences over items.
Mindful consumption reduces waste.
"
45,Science,"Cryonics","Preserve bodies at low temperatures.
Future revival technologies uncertain.
Legal and ethical debates persist.
"
46,Tech,"Quantum Sensors","Measure physical quantities with quantum precision.
Applications in navigation.
Development is ongoing.
"
47,Lifestyle,"DIY Projects","Build furniture from reclaimed wood.
Use power tools safely.
Document steps for sharing.
"
48,Science,"Human-Computer Interaction","Design intuitive interfaces.
User testing informs improvements.
Accessibility standards improve usability.
"
49,Tech,"Software Architecture","Layered design enhances maintainability.
Microservices support scaling.
Documentation is key.
"
50,Lifestyle,"Sustainable Living","Reduce plastic use.
Recycle electronics responsibly.
Support local products.
"
